rating,product_type,upc,title
Three,Books,a897fe39b1053632,A Light in the Attic
Five,Books,3b1c02bac2a429e6,Scott Pilgrim's Precious Little Life (Scott Pilgrim #1)
Three,Books,deda3e61b9514b83,"Our Band Could Be Your Life: Scenes from the American Indie Underground, 1981-1991"
Two,Books,a22124811bfa8350,It's Only the Himalayas
One,Books,feb7cc7701ecf901,Olio
One,Books,e30f54cea9b38190,Mesaerion: The Best Science Fiction Stories 1800-1849
Two,Books,a18a4f574854aced,Libertarianism for Beginners
Five,Books,a34ba96d4081e6a4,Rip it Up and Start Again
Four,Books,30a7f60cd76ca58c,Shakespeare's Sonnets
Two,Books,0312262ecafa5a40,"Starving Hearts (Triangular Trade Trilogy, #1)"
One,Books,1dfe412b8ac00530,The Black Maria
Four,Books,e10e1e165dc8be4a,The Boys in the Boat: Nine Americans and Their Epic Quest for Gold at the 1936 Berlin Olympics
Three,Books,e72a5dfc7e9267b2,"The Coming Woman: A Novel Based on the Life of the Infamous Feminist, Victoria Woodhull"
Five,Books,ce6396b0f23f6ecc,Set Me Free
Four,Books,2597b5a345f45e1b,The Dirty Little Secrets of Getting Your Dream Job
One,Books,f77dbf2323deb740,The Requiem Red
Two,Books,55f9da0c5eea2e10,You can't bury them all: Poems
Five,Books,4165285e1663650f,Sapiens: A Brief History of Humankind
Four,Books,e00eb4fd7b871a48,Sharp Objects
One,Books,6957f44c3847a760,Soumission
One,Books,90fa61229261140a,Tipping the Velvet
Four,Books,be5cc846f45496fb,Behind Closed Doors
One,Books,19ed25f4641d5efd,"In a Dark, Dark Wood"
Two,Books,094b269567e1c300,Maude (1883-1993):She Grew Up with the country
Three,Books,668fe56b17cfcd4f,Penny Maybe
Five,Books,6be3beb0793a53e7,Sophie's World
One,Books,9f6568e9c95f60b0,The Bear and the Piano
Five,Books,5dada2b7be26bd03,The Elephant Tree
Three,Books,3c039985229453bf,The Five Love Languages: How to Express Heartfelt Commitment to Your Mate
Five,Books,6258a1f6a6dcfe50,The Four Agreements: A Practical Guide to Personal Freedom
Four,Books,ccd9ffa25efabdea,Wall and Piece
Three,Books,c7d160c2c0de586f,America's Cradle of Quarterbacks: Western Pennsylvania's Football Factory from Johnny Unitas to Joe Montana
Five,Books,4c28def39d850cdf,Worlds Elsewhere: Journeys Around Shakespeare’s Globe
Three,Books,904208d6aa64b655,Aladdin and His Wonderful Lamp
Three,Books,9528d0948525bf5f,Birdsong: A Story in Pictures
Five,Books,00bfed9e18bb36f3,Black Dust
Five,Books,c2e46a2ee3b4a322,Chase Me (Paris Nights #2)
Three,Books,5674a18a29a43ced,"Foolproof Preserving: A Guide to Small Batch Jams, Jellies, Pickles, Condiments, and More: A Foolproof Guide to Making Small Batch Jams, Jellies, Pickles, Condiments, and More"
Two,Books,327f68a59745c102,How Music Works
One,Books,23356462d1320d61,In Her Wake
Three,Books,cedf82b5086e4691,The Natural History of Us (The Fine Art of Pretending #2)
Four,Books,5ee94540d0749ea0,The Past Never Ends
One,Books,142d767a56a9254d,"The Pioneer Woman Cooks: Dinnertime: Comfort Classics, Freezer Food, 16-Minute Meals, and Other Delicious Ways to Solve Supper!"
One,Books,b5ea0b5dabed25a8,The Secret of Dreadwillow Carse
One,Books,4eed62cf5f8d8edf,The Torch Is Passed: A Harding Family Story
Five,Books,709822d0b5bcb7f4,Thirst
Four,Books,51653ef291ab7ddc,This One Summer
Three,Books,7858914fad68493c,Throwing Rocks at the Google Bus: How Growth Became the Enemy of Prosperity
One,Books,09555be379ad9253,Tsubasa: WoRLD CHRoNiCLE 2 (Tsubasa WoRLD CHRoNiCLE #2)
One,Books,9a9d6e9bc555731e,"Unbound: How Eight Technologies Made Us Human, Transformed Society, and Brought Our World to the Brink"
Three,Books,7ae099f3898e0209,Unicorn Tracks
Four,Books,d170b5a0da46380e,"Unseen City: The Majesty of Pigeons, the Discreet Charm of Snails & Other Wonders of the Urban Wilderness"
Four,Books,657fe5ead67a7767,Untitled Collection: Sabbath Poems 2014
Five,Books,8d455c7539795d2a,"We Love You, Charlie Freeman"
Five,Books,c27f6e1f185b0383,#HigherSelfie: Wake Up Your Life. Free Your Soul. Find Your Tribe.
One,Books,3ecb690d1542c568,When We Collided
Two,Books,c8f7f0cb1abb9cac,Reasons to Stay Alive
Two,Books,acddfeab2a407640,Without Borders (Wanderlove #1)
Three,Books,c82a3e358c773c73,"Rat Queens, Vol. 3: Demons (Rat Queens (Collected Editions) #11-15)"
Five,Books,b12b89017878a60d,Private Paris (Private #10)
Three,Books,b4fd5943413e089a,Slow States of Collapse: Poems
Two,Books,d7310206583a54b6,Reskilling America: Learning to Labor in the Twenty-First Century
Two,Books,53a3d11bb568cc8b,"Saga, Volume 5 (Saga (Collected Editions) #5)"
Four,Books,87b0615b6e1f4d7b,Spark Joy: An Illustrated Master Class on the Art of Organizing and Tidying Up
Three,Books,c849f0b2f5d6a742,"Saga, Volume 6 (Saga (Collected Editions) #6)"
Five,Books,7d6d2a6c0276f81b,The Activist's Tao Te Ching: Ancient Advice for a Modern Revolution
Two,Books,6f78a0d744c35456,Security
One,Books,a3d2a4250807f1e9,The Age of Genius: The Seventeenth Century and the Birth of the Modern Mind
Two,Books,e6af5bf1163c1151,Soul Reader
Three,Books,80cfab6bcff3a244,The Art Forger
Three,Books,43c6a960757cf559,"The Bulletproof Diet: Lose up to a Pound a Day, Reclaim Energy and Focus, Upgrade Your Life"
Four,Books,bd261725b99f5983,The Death of Humanity: and the Case for Life
One,Books,a30b270e25489e5c,The Electric Pencil: Drawings from Inside State Hospital No. 3
One,Books,acd86a5426e21ca0,The Gutsy Girl: Escapades for Your Life of Epic Adventure
Five,Books,8c9e6bf2467d740d,"The Inefficiency Assassin: Time Management Tactics for Working Smarter, Not Longer"
Three,Books,0da9aa9d24677fc0,The Life-Changing Magic of Tidying Up: The Japanese Art of Decluttering and Organizing
Four,Books,31075275518532d7,"The Mindfulness and Acceptance Workbook for Anxiety: A Guide to Breaking Free from Anxiety, Phobias, and Worry Using Acceptance and Commitment Therapy"
Four,Books,aadee1c326d286e3,The Most Perfect Thing: Inside (and Outside) a Bird's Egg
Three,Books,d01ac97e2b8947c2,The Murder That Never Was (Forensic Instincts #5)
Four,Books,7d385d34d12e60ff,The Nameless City (The Nameless City #1)
Four,Books,b136b1b180ca753a,In the Country We Love: My Family Divided
Five,Books,18ad3ed896c7ce05,Join
Two,Books,228f74b74f3a08ae,Judo: Seven Steps to Black Belt (an Introductory Guide for Beginners)
One,Books,7b75cc7f223791f4,"Layered: Baking, Building, and Styling Spectacular Cakes"
Two,Books,57e5a4d515c8ce44,Lumberjanes Vol. 3: A Terrible Plan (Lumberjanes #9-12)
Three,Books,b6ee99bcf06fc91f,"Lumberjanes, Vol. 1: Beware the Kitten Holy (Lumberjanes #1-4)"
Two,Books,460089f796fb3f82,"Lumberjanes, Vol. 2: Friendship to the Max (Lumberjanes #5-8)"
Four,Books,72f9d5be3472d34e,"Mama Tried: Traditional Italian Cooking for the Screwed, Crude, Vegan, and Tattooed"
Two,Books,fa9610a50a1bf149,Masks and Shadows
Two,Books,784bc2279baa878d,My Paris Kitchen: Recipes and Stories
Two,Books,3c346ab1e76ae1f6,Obsidian (Lux #1)
Three,Books,b757c0c361e689ce,On a Midnight Clear
One,Books,9ffa38d3b832433a,Online Marketing for Busy Authors: A Step-By-Step Guide
One,Books,11809b1d323b3057,orange: The Complete Collection 1 (orange: The Complete Collection #1)
Four,Books,889139b8e9c4cb36,"Outcast, Vol. 1: A Darkness Surrounds Him (Outcast #1)"
Three,Books,9429b4d59c537af5,Patience
Two,Books,7392c0032f92d816,"Political Suicide: Missteps, Peccadilloes, Bad Calls, Backroom Hijinx, Sordid Pasts, Rotten Breaks, and Just Plain Dumb Mistakes in the Annals of American Politics"
One,Books,e80f8e518b300dfe,"Pop Gun War, Volume 1: Gift"
Five,Books,0e691eda369f4e09,Princess Between Worlds (Wide-Awake Princess #5)
Five,Books,0fa6dceead7ce47a,"Princess Jellyfish 2-in-1 Omnibus, Vol. 01 (Princess Jellyfish 2-in-1 Omnibus #1)"
Two,Books,6d5300b2d8f37e07,"Avatar: The Last Airbender: Smoke and Shadow, Part 3 (Smoke and Shadow #3)"
Two,Books,bdf415fd484ea8a7,"Bitch Planet, Vol. 1: Extraordinary Machine (Bitch Planet (Collected Editions))"
Two,Books,74baabfc8fd84b38,Bossypants
Three,Books,5ceb951f629700a2,Burning
Five,Books,bee3672891cca906,Call the Nurse: True Stories of a Country Nurse on a Scottish Isle
Four,Books,7b599c8bfcdd8d30,Camp Midnight
Four,Books,8754c83ab2a7ae71,"Codename Baboushka, Volume 1: The Conclave of Death"
Three,Books,7267864328ae8b9d,Crown of Midnight (Throne of Glass #2)
Four,Books,09b6cc87e62c2c58,Danganronpa Volume 1
Two,Books,fce19f9b4a943f22,"Don't Be a Jerk: And Other Practical Advice from Dogen, Japan's Greatest Zen Master"
Two,Books,311c0dd0e354a33e,Everydata: The Misinformation Hidden in the Little Data You Consume Every Day
One,Books,7add3f8e49ec0826,Fifty Shades Darker (Fifty Shades #2)
Four,Books,9e28048cea8d41f7,First and First (Five Boroughs #3)
Three,Books,9beb96a2300109d7,Forever and Forever: The Courtship of Henry Longfellow and Fanny Appleton
Two,Books,f2df3bb043a8abb0,"Giant Days, Vol. 2 (Giant Days #5-8)"
One,Books,a6f99b9e687f9d46,How to Be Miserable: 40 Strategies You Already Use
One,Books,2a97cffe61c3c4c7,Her Backup Boyfriend (The Sorensen Family #1)
Three,Books,1c89ae5bb804e4de,I am a Hero Omnibus Volume 1
Two,Books,8d4eefad7a2b3915,"I Hate Fairyland, Vol. 1: Madly Ever After (I Hate Fairyland (Compilations) #1-5)"
Five,Books,e4f74c16de34d440,Immunity: How Elie Metchnikoff Changed the Course of Modern Medicine
Four,Books,f5a92cff83897d48,The Stranger
Five,Books,3bebf34ee9330cbd,The Third Wave: An Entrepreneur’s Vision of the Future
Four,Books,37c0cb19713d8dda,The White Cat and the Monk: A Retelling of the Poem “Pangur Bán”
Four,Books,fd3a622648667296,The Vacationers
One,Books,bc2a85fd35fdc7bd,Thirteen Reasons Why
One,Books,de3f25248ba0789f,Thomas Jefferson and the Tripoli Pirates: The Forgotten War That Changed American History
Three,Books,590a9cccf7db9f7d,Throne of Glass (Throne of Glass #1)
One,Books,623e1a180426039b,The Wedding Dress
Three,Books,d7d6d50c1e3d0b81,Tracing Numbers on a Train
Two,Books,b8736690cf263a3c,Tuesday Nights in 1980
Four,Books,9270575728a13a61,"William Shakespeare's Star Wars: Verily, A New Hope (William Shakespeare's Star Wars #4)"
Four,Books,796c87ddbbaaf8c5,You Are What You Love: The Spiritual Power of Habit
Five,Books,e4ac92d89b946781,(Un)Qualified: How God Uses Broken People to Do Big Things
One,Books,01d2001ac1e6f8a3,A Court of Thorns and Roses (A Court of Thorns and Roses #1)
Four,Books,842790dfaa937484,A Fierce and Subtle Poison
Five,Books,3a6fb983e2554023,A Flight of Arrows (The Pathfinders #2)
One,Books,f733e8c19d40ec2e,A Murder in Time
Five,Books,8a380641491d43ed,"A Piece of Sky, a Grain of Rice: A Memoir in Four Meditations"
One,Books,96a38e7c813d8f1d,The Cookies & Cups Cookbook: 125+ sweet & savory recipes reminding you to Always Eat Dessert First
Two,Books,d6670dfe3e7b42bd,The Emerald Mystery
One,Books,42d0d7c92b75fc1c,The Genius of Birds
Two,Books,e956d67c9bcc5809,The Girl on the Train
One,Books,2dbb7ec08cdd7f3c,The Glittering Court (The Glittering Court #1)
One,Books,9287e238d7c3b06e,The House by the Lake
Four,Books,eac1a180047ad54e,The Kite Runner
Four,Books,c7b5183f4d1d4efe,The Murder of Roger Ackroyd (Hercule Poirot #4)
Five,Books,e4c7f3487d17fd42,The Nerdy Nummies Cookbook: Sweet Treats for the Geek in All of Us
One,Books,abeafe151a587d3b,The Long Shadow of Small Ghosts: Murder and Memory in an American City
Two,Books,e28e330cbdf01126,The Love and Lemons Cookbook: An Apple-to-Zucchini Celebration of Impromptu Cooking
One,Books,08db62f24627e71f,The Matchmaker's Playbook (Wingmen Inc. #1)
Three,Books,99ff4cc6491e8f5c,The Mistake (Off-Campus #2)
Two,Books,209adad1015af86f,The Omnivore's Dilemma: A Natural History of Four Meals
Two,Books,8ec14b1576cb7cb5,The Power of Now: A Guide to Spiritual Enlightenment
Two,Books,e98a4efa85070c2f,The Psychopath Test: A Journey Through the Madness Industry
Five,Books,0651062381f0636a,The Regional Office Is Under Attack!
Four,Books,961f18db4f138211,The Secret (The Secret #1)
One,Books,d6361d16212664ed,The Shadow Hero (The Shadow Hero)
One,Books,70ed59f194b3c556,A World of Flavor: Your Gluten Free Passport
One,Books,790ef197c8f236f5,The Project
One,Books,38d45839cb1c83c1,Algorithms to Live By: The Computer Science of Human Decisions
Five,Books,a40723994f715420,Mrs. Houdini
One,Books,cfeb1e1e0e695b58,Night Sky with Exit Wounds
One,Books,50b8f80311b31ede,"Nightingale, Sing"
Four,Books,31001a1210623bd4,Poems That Make Grown Women Cry
One,Books,d9c643fa1fc57bdb,Poses for Artists Volume 1 - Dynamic and Sitting Poses: An Essential Reference for Figure Drawing and the Human Form
Five,Books,b53db2271c9624f7,Redeeming Love
One,Books,e656e280bc8edd56,Romero and Juliet: A Tragic Tale of Love and Zombies
Five,Books,1c929cfd16b71907,Scarlett Epstein Hates It Here
One,Books,ad04ad9fc179fc5d,Secrets and Lace (Fatal Hearts #1)
Three,Books,0c27e6c3744fc14b,"Shobu Samurai, Project Aryoku (#3)"
Two,Books,0e0dcc3339602b28,Shoe Dog: A Memoir by the Creator of NIKE
Two,Books,1b33663ad7b95fd8,So You've Been Publicly Shamed
Two,Books,2a70769cdc6eb8b8,Soft Apocalypse
Four,Books,ca71e72655bece85,Something More Than This
Two,Books,203b7f94b7d6115f,Suddenly in Love (Lake Haven #1)
Three,Books,56e4f9eab2e8e674,The 10% Entrepreneur: Live Your Startup Dream Without Quitting Your Day Job
Three,Books,46c1530d7546ea6d,"Deliciously Ella Every Day: Quick and Easy Recipes for Gluten-Free Snacks, Packed Lunches, and Simple Meals"
Three,Books,3a11bb962ff45b78,Doing It Over (Most Likely To #1)
Five,Books,f6d967cdadc6fbd9,Done Rubbed Out (Reightman & Bailey #1)
Four,Books,6ffb36aaeff1c81e,Drive: The Surprising Truth About What Motivates Us
Four,Books,29c0025455f8c585,Eureka Trivia 6.0
Four,Books,65d034adf80834b7,"Fables, Vol. 1: Legends in Exile (Fables #1)"
Five,Books,edb3097e71330040,Finders Keepers (Bill Hodges Trilogy #2)
One,Books,2f88b08bf0a0e367,First Steps for New Christians (Print Edition)
One,Books,8585760646e3aa2a,Follow You Home
Five,Books,116a2fdc9a45bab0,Frostbite (Vampire Academy #2)
Four,Books,ce60436f52c5ee68,Full Moon over Noah’s Ark: An Odyssey to Mount Ararat and Beyond
Two,Books,d163dd6c352fbcd2,Grumbles
One,Books,4ce91d31c1e57c33,Hollow City (Miss Peregrine’s Peculiar Children #2)
Two,Books,c1afd71fc86bf682,Large Print Heart of the Pride
Four,Books,fd8585283fc7d2d7,I Had a Nice Time And Other Lies...: How to find love & sh*t like that
Five,Books,ba54932df84e8cea,Library of Souls (Miss Peregrine’s Peculiar Children #3)
Three,Books,4aa03792b50f0b22,Little Red
Two,Books,d69dd8dac66f9f84,Louisa: The Extraordinary Life of Mrs. Adams
One,Books,af96613fdd793a3c,Miss Peregrine’s Home for Peculiar Children (Miss Peregrine’s Peculiar Children #1)
Five,Books,caf4fe9311f1dc59,Modern Romance
Two,Books,c99761a700ade23f,The Argonauts
Five,Books,e7469e22b5bfb3e7,The Art of War
Five,Books,dd047728de72ad62,The Artist's Way: A Spiritual Path to Higher Creativity
Three,Books,efc3768127714ec3,The Bridge to Consciousness: I'm Writing the Bridge Between Science and Our Old and New Beliefs.
Three,Books,dd5bfa6cc2c0ecc3,Zealot: The Life and Times of Jesus of Nazareth
Four,Books,2b5054a4192e9b06,Why the Right Went Wrong: Conservatism--From Goldwater to the Tea Party and Beyond
Two,Books,3fb15ace50d6142b,Wild Swans
Four,Books,047097293bb4d1c0,"Wonder Woman: Earth One, Volume One (Wonder Woman: Earth One #1)"
Five,Books,d195e7f4ed697350,Agnostic: A Spirited Manifesto
Five,Books,024387ca4cafd5cc,You (You #1)
Five,Books,ffd54178acc9a6a5,Amatus
One,Books,bb8245f52c7cce8f,Amid the Chaos
Two,Books,3f69e667a67e54d9,Beauty Restored (Riley Family Legacy Novellas #3)
Three,Books,7ebfa6c1bee69e1e,Amy Meets the Saints and Sages
Four,Books,d24b829be2ca81c4,Anonymous
Two,Books,05f7c6d9a4e582d3,Ayumi's Violin
Five,Books,47271d8e08b5d31c,Batman: The Dark Knight Returns (Batman)
Two,Books,7edc0527cf782e19,Batman: The Long Halloween (Batman)
Three,Books,1f329c2e7d7de8bd,Big Magic: Creative Living Beyond Fear
Two,Books,919e7cb2269a25d2,Becoming Wise: An Inquiry into the Mystery and Art of Living
Two,Books,513271dadc1322ae,Chasing Heaven: What Dying Taught Me About Living
Four,Books,a57b1dcbd6849222,Close to You
Three,Books,3b9a3b4624b7fd6d,"Daring Greatly: How the Courage to Be Vulnerable Transforms the Way We Live, Love, Parent, and Lead"
Five,Books,88c21fcd38e2486e,Dark Notes
One,Books,012094e90a4b908d,The Rosie Project (Don Tillman #1)
Five,Books,e88fb1c9397cfb27,The Song of Achilles
Five,Books,00c4543ec6bd25b4,The Songs of the Gods
Five,Books,1528279aec1f3dce,The Star-Touched Queen
Four,Books,081305e6df719dff,The Testament of Mary
Five,Books,e9906e2f0d189745,The Time Keeper
Three,Books,c5cb9f885d8b3621,The Wedding Pact (The O'Malleys #2)
Five,Books,6875c5657661b2fb,The White Queen (The Cousins' War #1)
Four,Books,08b2f71d93836313,The Wright Brothers
Two,Books,34c0d7c4ee5650af,The Year of Magical Thinking
Two,Books,f0f38174a7e689a3,This Is Where It Ends
Two,Books,6e44bcbeac7f4360,Through the Woods
Two,Books,1d6443ffba9dfd80,Twenty Yawns
Two,Books,76c84daa539426e2,"Unbroken: A World War II Story of Survival, Resilience, and Redemption"
Two,Books,aba2db9afb1469c7,Until Friday Night (The Field Party #1)
Four,Books,4a1debca3135ff37,V for Vendetta (V for Vendetta Complete)
Five,Books,6a31307a81e8f3a8,Walt Disney's Alice in Wonderland
Three,Books,2c04320e110a14a3,Take Me with You
One,Books,2d1e337aaf341858,Tastes Like Fear (DI Marnie Rome #3)
One,Books,0c7b9cf2b7662b65,That Darkness (Gardiner and Renner #1)
One,Books,1b8187fa4bf6ab05,The 14th Colony (Cotton Malone #11)
One,Books,923831a05c9f91f7,The Bad-Ass Librarians of Timbuktu: And Their Race to Save the World’s Most Precious Manuscripts
Four,Books,dc6f688b82e42a5b,The Bane Chronicles (The Bane Chronicles #1-11)
Five,Books,6edacfd1f8ebb9eb,The Darkest Lie
One,Books,3d76bc83c6b644c9,The Dovekeepers
Three,Books,a86972014275e072,The First Hostage (J.B. Collins #2)
Two,Books,847935fc68707426,The Guilty (Will Robie #4)
Three,Books,ddc8340dabc8641b,The Help Yourself Cookbook for Kids: 60 Easy Plant-Based Recipes Kids Can Make to Stay Healthy and Save the Earth
Two,Books,992974ba6a0536ea,The Hidden Oracle (The Trials of Apollo #1)
Two,Books,f72f61ad6a5f12ed,The Immortal Life of Henrietta Lacks
Two,Books,3bc89353f7e3a3cc,The Last Mile (Amos Decker #2)
Three,Books,4881cc53f6c8892f,The Literature Book (Big Ideas Simply Explained)
One,Books,f21effc079a2b38a,The Long Haul (Diary of a Wimpy Kid #9)
One,Books,92275cedf6d8ee15,"We Are Robin, Vol. 1: The Vigilante Business (We Are Robin #1)"
One,Books,2d88a31f325dfd3b,The Loney
One,Books,4e812d32d64e2431,The Lucifer Effect: Understanding How Good People Turn Evil
Four,Books,52cf2a5933ec5d8f,The Marriage of Opposites
Three,Books,6bdd909329435e80,The Power of Habit: Why We Do What We Do in Life and Business
Two,Books,6fd646a334e6e133,What's It Like in Space?: Stories from Astronauts Who've Been There
Four,Books,44a10f1ac8ce822e,Whole Lotta Creativity Going On: 60 Fun and Unusual Exercises to Awaken and Strengthen Your Creativity
Two,Books,71e36f33981ddb74,"Naruto (3-in-1 Edition), Vol. 14: Includes Vols. 40, 41 & 42 (Naruto: Omnibus #14)"
Two,Books,132ec5e8c984adef,No Dream Is Too High: Life Lessons From a Man Who Walked on the Moon
Five,Books,02b74068fa98d8a4,Old School (Diary of a Wimpy Kid #10)
Two,Books,e34efcc824685332,Once Was a Time
Three,Books,8ecf0356a3878811,"Overload: How to Unplug, Unwind, and Unleash Yourself from the Pressure of Stress"
Three,Books,af58a74e4b2a23a0,Pet Sematary
Five,Books,aa35446aab16017f,"Quarter Life Poetry: Poems for the Young, Broke and Hangry"
Three,Books,a6454e329f872b78,Rain Fish
Two,Books,31e2e2d9cca3778f,"Red Hood/Arsenal, Vol. 1: Open for Business (Red Hood/Arsenal #1)"
Four,Books,86cbddb61ea78bb7,salt.
Three,Books,85b2176b3b194030,Robin War
Three,Books,f9705c362f070608,See America: A Celebration of Our National Parks & Treasured Sites
Four,Books,830fb3967c74866d,Shtum
Four,Books,394f6d30cafc3edb,"So Cute It Hurts!!, Vol. 6 (So Cute It Hurts!! #6)"
Five,Books,a278db6b2b09cf9f,Someone Like You (The Harrisons #2)
Four,Books,3edcccc4f341fb1a,Sorting the Beef from the Bull: The Science of Food Fraud Forensics
Five,Books,95019eac1c0a052f,Steve Jobs
Three,Books,fe44cc816576c652,Still Life with Bread Crumbs
Five,Books,ac8e3949d284e9a9,Superman Vol. 1: Before Truth (Superman by Gene Luen Yang #1)
One,Books,4c8b7540409da4ac,Swell: A Year of Waves
Three,Books,6b6cd77fbc91b7a6,"Hush, Hush (Hush, Hush #1)"
Five,Books,fbb21a2f71f4d981,"Hyperbole and a Half: Unfortunate Situations, Flawed Coping Mechanisms, Mayhem, and Other Things That Happened"
Four,Books,aeff7b87a8e83ebb,I Am Pilgrim (Pilgrim #1)
Four,Books,b8a8ff84233f0570,I Know What I'm Doing -- and Other Lies I Tell Myself: Dispatches from a Life Under Construction
One,Books,2b52334fab158861,Island of Dragons (Unwanteds #7)
One,Books,245e6bf08b8d2955,"It's All Easy: Healthy, Delicious Weeknight Meals in under 30 Minutes"
Five,Books,708345c9897fd7c5,Lady Midnight (The Dark Artifices #1)
Five,Books,1174156c4a0eccaa,Let It Out: A Journey Through Journaling
One,Books,adb5f51c2e2ab13f,Love Is a Mix Tape (Music #1)
Four,Books,17fb5a88180f9904,"Living Leadership by Insight: A Good Leader Achieves, a Great Leader Builds Monuments"
Five,Books,24af96df0bafb925,Looking for Lovely: Collecting the Moments that Matter
Two,Books,a10c7515834240f3,Lowriders to the Center of the Earth (Lowriders in Space #2)
Three,Books,d512871626a5e588,Luckiest Girl Alive
Three,Books,5b43cae640f2338a,Luis Paints the World
Five,Books,b96fc7a0ea7d4b45,Made to Stick: Why Some Ideas Survive and Others Die
Two,Books,47d47155e89c8be7,More Than Music (Chasing the Dream #1)
One,Books,caa2e5b3fb1b2d4c,Mr. Mercedes (Bill Hodges Trilogy #1)
One,Books,137b0b2775701e11,My Kind of Crazy
Three,Books,cc82685d9f49bc2c,My Mrs. Brown
Three,Books,28cf0d1c51b491e5,Cometh the Hour (The Clifton Chronicles #6)
Two,Books,4b9d9cfe0f435788,Crazy Love: Overwhelmed by a Relentless God
One,Books,0e94a089328be4bc,Daily Fantasy Sports
Five,Books,94a958ea126cdcd5,Dear Mr. Knightley
Five,Books,3c6fe637a0180b01,Demigods & Magicians: Percy and Annabeth Meet the Kanes (Percy Jackson & Kane Chronicles Crossover #1-3)
Two,Books,bf5de316a5e9a4ab,Doctor Sleep (The Shining #2)
One,Books,ad2887ce04583910,Don't Get Caught
Four,Books,1d6dd0c87d90fe92,Eight Hundred Grapes
Two,Books,047dfa57ba0bf638,"Eat Fat, Get Thin"
Five,Books,a01f6d368ef64dc5,"Eaternity: More than 150 Deliciously Easy Vegan Recipes for a Long, Healthy, Satisfied, Joyful Life"
Five,Books,27c5968fe43cc06e,El Deafo
Three,Books,9eaf58b03a2779cc,Eligible (The Austen Project #4)
Three,Books,a2bd4ca82d908442,Every Last Word
Four,Books,ac4dde0d1be05de0,"Far & Away: Places on the Brink of Change: Seven Continents, Twenty-Five Years"
Three,Books,9194ae88379dbf1a,Feathers: Displays of Brilliant Plumage
Three,Books,de4b403cb629a29f,Glory over Everything: Beyond The Kitchen House
Five,Books,eec424a84c9e4c68,God: The Most Unpleasant Character in All Fiction
Five,Books,f201f263d8c23f97,Greek Mythic History
Three,Books,afa829857f82f99e,Hamilton: The Revolution
One,Books,0b165bd4b9f42fd5,Hold Your Breath (Search and Rescue #1)
One,Books,727bf2b86b19ad88,My Name Is Lucy Barton
Three,Books,ad41c24ccac0c7ce,Angels & Demons (Robert Langdon #1)
Four,Books,41164b8ac02a2c42,Aristotle and Dante Discover the Secrets of the Universe (Aristotle and Dante Discover the Secrets of the Universe #1)
Two,Books,1fbb5f786e53a0ce,Angels Walking (Angels Walking #1)
Three,Books,ffdc825785c0ede8,Art Ops Vol. 1
Three,Books,9b65f676984c9f0c,Balloon Animals
Five,Books,0e0da9192a025efc,Barefoot Contessa at Home: Everyday Recipes You'll Make Over and Over Again
One,Books,999912e63a3262ae,Barefoot Contessa Back to Basics
Two,Books,bf68dcb5fad3cc8c,Batman: Europa
Five,Books,a80f66b254fe9eb3,Brain on Fire: My Month of Madness
Two,Books,5f22418922fa728b,Carrie
Four,Books,16ef91b9d827859c,Buying In: The Secret Dialogue Between What We Buy and Who We Are
Three,Books,1b0fc9f777cad045,"Carry On, Warrior: Thoughts on Life Unarmed"
Three,Books,e2e7b683b4c15b7d,Catching Jordan (Hundred Oaks)
Four,Books,bfbb54bc8cdeed2b,Cell
One,Books,8a6ec2761f91dad2,City of Ashes (The Mortal Instruments #2)
One,Books,5b987e54ee72525c,City of Bones (The Mortal Instruments #1)
Four,Books,1e264c677d4ee4ae,City of Fallen Angels (The Mortal Instruments #4)
Five,Books,ce1ae197ada2aec4,The Silent Sister (Riley MacPherson #1)
Five,Books,4a7a25be293ad678,The Star-Touched Queen
One,Books,148715df5a02ea5e,Tipping Point for Planet Earth: How Close Are We to the Edge?
Three,Books,077b635ff2afc578,Will You Won't You Want Me?
One,Books,4be9d1910f8a4e80,13 Hours: The Inside Account of What Really Happened In Benghazi
Two,Books,8bbd7df8a324f31d,My Kitchen Year: 136 Recipes That Saved My Life
Four,Books,44d97b6707dae3f0,Rook
One,Books,2f0213137a80d485,Searching for Meaning in Gailana
Three,Books,ac5e0d3938caf686,"The Three Searches, Meaning, and the Story"
Three,Books,6e8e5626ac4d279e,1491: New Revelations of the Americas Before Columbus
One,Books,01a177623cce9596,A Brush of Wings (Angels Walking #3)
Three,Books,d5e0526e1ab682a3,A Distant Mirror: The Calamitous 14th Century
One,Books,8682c03de6a844ff,A Man Called Ove
Two,Books,1ad06aed9349af46,A People's History of the United States
Two,Books,c1379d3744f1dd2c,"A Series of Catastrophes and Miracles: A True Story of Love, Science, and Cancer"
Two,Books,63ee5bc46066a8a8,A Study in Scarlet (Sherlock Holmes #1)
Five,Books,4416c474713ec1f5,A Time of Torment (Charlie Parker #14)
Five,Books,cf1aa2fc02a7d1e0,Abstract City
Two,Books,5319169a72714c62,"Adulthood Is a Myth: A ""Sarah's Scribbles"" Collection"
Five,Books,39861fc1c0845d15,All the Light We Cannot See
Four,Books,966ebb738e0f9d9b,City of Glass (The Mortal Instruments #3)
One,Books,42b0c50fc44140ec,Clockwork Angel (The Infernal Devices #1)
Four,Books,33a3e0e3ffde0dcd,Code Name Verity (Code Name Verity #1)
Five,Books,b978c9852cde91bd,How to Speak Golf: An Illustrated Guide to Links Lingo
Two,Books,9546d537fbf99eb6,"Love, Lies and Spies"
Three,Books,c039f5aceb093537,Most Wanted
Four,Books,e7fe3bf2768602cf,Murder at the 42nd Street Library (Raymond Ambler #1)
Four,Books,db84624b151cbe06,No Love Allowed (Dodge Cove #1)
Four,Books,81ef44fcc5f454df,One with You (Crossfire #5)
Three,Books,abdd91e96515a617,Poisonous (Max Revere Novels #3)
Five,Books,b8d7b3f5c7a95d65,Psycho: Sanitarium (Psycho #1.5)
One,Books,8976d9161c027142,Quench Your Own Thirst: Business Lessons Learned Over a Beer or Two
Four,Books,ebf81a62e4798fd1,Raspberry Pi Electronics Projects for the Evil Genius
Three,Books,f40fea200e0c644f,Snatched: How A Drug Queen Went Undercover for the DEA and Was Kidnapped By Colombian Guerillas
Two,Books,b63ea3f7a57ae099,Stars Above (The Lunar Chronicles #4.5)
Three,Books,64fd010bf8d15096,The Children
Three,Books,54fc03f1e1d355db,The Diary of a Young Girl
Two,Books,c6ca293d4810e0d5,The Dinner Party
Five,Books,f732d7d18a91d2ba,The Epidemic (The Program 0.6)
One,Books,235fa48eeed11d82,The Golden Condom: And Other Essays on Love Lost and Found
Four,Books,3063c7e95d0bf76f,The Gray Rhino: How to Recognize and Act on the Obvious Dangers We Ignore
Two,Books,582a21a1dbbef3cf,The Lonely City: Adventures in the Art of Being Alone
One,Books,14e44163678e24dc,The Midnight Watch: A Novel of the Titanic and the Californian
Three,Books,b783ce08802cd1d1,Off the Hook (Fishing for Trouble #1)
Three,Books,05a61a3bd8ca4149,Playing with Fire
Two,Books,b06599b108e83f98,"Setting the World on Fire: The Brief, Astonishing Life of St. Catherine of Siena"
One,Books,f435aa99d864077d,Sleeping Giants (Themis Files #1)
Three,Books,cf62fa272b5f0fa3,Take Me Home Tonight (Rock Star Romance #3)
Three,Books,1c584f82a7a1c4f0,The Art of Startup Fundraising
One,Books,437d8dea9272d0a9,The Improbability of Love
Four,Books,985991708c47003e,"The Sleep Revolution: Transforming Your Life, One Night at a Time"
Two,Books,6159d8b187831770,The Widow
Two,Books,515cb8fcafb1ad98,Troublemaker: Surviving Hollywood and Scientology
Four,Books,63343e287971bb0c,A Paris Apartment
One,Books,a4eef523118805ef,"A la Mode: 120 Recipes in 60 Pairings: Pies, Tarts, Cakes, Crisps, and More Topped with Ice Cream, Gelato, Frozen Custard, and More"
Three,Books,49b24c6a41b82bd2,Boar Island (Anna Pigeon #19)
One,Books,d069086944f2e330,Can You Keep a Secret? (Fear Street Relaunch #4)
Four,Books,df7e628bad5782b4,Dirty (Dive Bar #1)
Five,Books,6983328f15506cb9,Eleanor & Park
One,Books,3968e3fbf4695d7c,Equal Is Unfair: America's Misguided Fight Against Income Inequality
Five,Books,76319fe9d8b465a3,Everyday Italian: 125 Simple and Delicious Recipes
Five,Books,96aa539bfd4c07e2,10-Day Green Smoothie Cleanse: Lose Up to 15 Pounds in 10 Days!
Two,Books,34669b2e9d407d3a,"10% Happier: How I Tamed the Voice in My Head, Reduced Stress Without Losing My Edge, and Found Self-Help That Actually Works"
Three,Books,a9d7b75461084a26,11/22/63
Five,Books,40c4bf520c17de54,A Gentleman's Position (Society of Gentlemen #3)
Three,Books,2b69dec0193511d9,A Mother's Reckoning: Living in the Aftermath of Tragedy
Five,Books,bb967277222e689c,Adultery
Four,Books,2c34f9432069b52b,Arena
Five,Books,816180220e8cb419,Born for This: How to Find the Work You Were Meant to Do
Three,Books,2587c54f5530dafc,Cravings: Recipes for What You Want to Eat
Three,Books,f608c903c451f387,Daredevils
Four,Books,c65c25d990fc7025,"Exit, Pursued by a Bear"
Four,Books,b5953ca1f8a0b8d7,Grey (Fifty Shades #4)
Three,Books,ce8666d9b42fc9a0,It Didn't Start with You: How Inherited Family Trauma Shapes Who We Are and How to End the Cycle
Four,Books,20dc4f1ac5d4fd9c,Keep Me Posted
One,Books,825d6c44da3ca5a6,Lab Girl
One,Books,469508882dfc1991,Lies and Other Acts of Love
Two,Books,bade9943ee01b63f,Lilac Girls
One,Books,5569c3fea112718e,M Train
Five,Books,28b2df9fadc9f07e,"Mother, Can You Not?"
Two,Books,47e1b2d43f709995,Mothering Sunday
Four,Books,c6a29d6df8de968c,Furiously Happy: A Funny Book About Horrible Things
One,Books,bddc6fd036eb6279,Hide Away (Eve Duncan #20)
One,Books,e845d305f64154f1,Don't Forget Steven
Three,Books,7e9068872228c474,Dress Your Family in Corduroy and Denim
Four,Books,97187f5cf0385da3,"Fruits Basket, Vol. 9 (Fruits Basket #9)"
One,Books,8fab4c4f6f82a4ce,If I Gave You God's Phone Number....: Searching for Spirituality in America
Two,Books,6baac632f7711e26,Modern Day Fables
Four,Books,ee6c67859d70186b,"NaNo What Now? Finding your editing process, revising your NaNoWriMo book and building a writing career through publishing and beyond"
One,Books,913e7109cec0cb4c,Nap-a-Roo
Five,Books,0e095ed785af7e43,Suzie Snowflake: One beautiful flake (a self-esteem story)
One,Books,e77594ece9b9d1fe,The Alien Club
Five,Books,f9c87ccb2bc4853b,The Art and Science of Low Carbohydrate Living
Three,Books,3f25a2fedae191cc,The Book of Mormon
One,Books,ca74f2e3c35a3e77,"The Fabric of the Cosmos: Space, Time, and the Texture of Reality"
Two,Books,33396269bcce166f,The Flowers Lied
Four,Books,65cfc9f242c2984a,"The Moosewood Cookbook: Recipes from Moosewood Restaurant, Ithaca, New York"
Five,Books,4b50fb1359ebf35d,The New Brand You: Your New Image Makes the Sale for You
One,Books,903a9f8090104c2c,The Shack
Two,Books,0967effecd292a86,Underlying Notes
Four,Books,4fd0a2a350f016e6,Unlimited Intuition Now
Four,Books,d1848064c54e01c7,Watchmen
Five,Books,ab60e6f5a63e1cfb,Without Shame
Five,Books,bee6e93e9976f4fa,Shadows of the Past (Logan Point #1)
Three,Books,e46a164cf310fd7d,Silence in the Dark (Logan Point #4)
Five,Books,a2475a245c9907c4,Smarter Faster Better: The Secrets of Being Productive in Life and Business
One,Books,a2308a936e898d48,The E-Myth Revisited: Why Most Small Businesses Don't Work and What to Do About It
Four,Books,5a0d2e9284004266,"The Midnight Assassin: Panic, Scandal, and the Hunt for America's First Serial Killer"
One,Books,331c26103d885cae,South of Sunshine
One,Books,1bba4b1ba23ed2d6,The Grownup
One,Books,4f283dfcbeccc0d4,The High Mountains of Portugal
Two,Books,9afd00e81d6208e6,The Martian (The Martian #1)
Three,Books,3eec766dda26fa64,The New Drawing on the Right Side of the Brain
Five,Books,e0bdd79c7304ee8d,The Unlikely Pilgrimage of Harold Fry (Harold Fry #1)
Two,Books,1809259a5a5f1d8d,Vagabonding: An Uncommon Guide to the Art of Long-Term World Travel
Two,Books,b69c852e7e3956af,When Breath Becomes Air
One,Books,04f6c929888f4f11,Why Not Me?
Three,Books,e77033ce559947f7,"Zero to One: Notes on Startups, or How to Build the Future"
Two,Books,61cf7eb9d2cd8bb0,23 Degrees South: A Tropical Tale of Changing Whether...
Three,Books,c181ca8eabe7d18c,A Hero's Curse (The Unseen Chronicles #1)
Three,Books,63d5f1651880dcea,A Shard of Ice (The Black Symphony Saga #1)
Four,Books,d6d9ffea95f2f8bf,Art and Fear: Observations on the Perils (and Rewards) of Artmaking
Four,Books,8a150fd8ff5d7686,History of Beauty
Two,Books,b7870fa6dc088fbb,Howl and Other Poems
Four,Books,0bfdef63285d3019,Hystopia: A Novel
One,Books,bbf1ea50be8008ab,I Will Find You
One,Books,0ab4b35dcffcffd1,I'll Give You the Sun
Four,Books,bd26e8a79a856c31,John Vassos: Industrial Design for Modern Life
One,Books,0cf57cb49272fd37,Kierkegaard: A Christian Missionary to Christians
Five,Books,c44c5e1425475206,Les Fleurs du Mal
Five,Books,39eefec3a8498dde,Kill 'Em and Leave: Searching for James Brown and the American Soul
Three,Books,044534b0b28b4e87,Living Forward: A Proven Plan to Stop Drifting and Get the Life You Want
Two,Books,4d3a4c7b442a9a4e,"Love That Boy: What Two Presidents, Eight Road Trips, and My Son Taught Me About a Parent's Expectations"
Three,Books,4729afff3bea0f0a,Man's Search for Meaning
Two,Books,29af1a2566c4e36e,Left Behind (Left Behind #1)
Two,Books,bff270fe9c86a5a9,Miller's Valley
Five,Books,9a7291b89bd5445c,My Life Next Door (My Life Next Door )
Two,Books,7186241e043de5dc,Chernobyl 01:23:40: The Incredible True Story of the World's Worst Nuclear Disaster
Five,Books,c0fc0cd215ee1724,Out of Print: City Lights Spotlight No. 14
Four,Books,4a823d80aa30dbb0,Please Kill Me: The Uncensored Oral History of Punk
One,Books,d56d0710668bb39c,Proofs of God: Classical Arguments from Tertullian to Barth
Three,Books,52fc458ffc756faf,Rising Strong
Five,Books,aeb51dfbe8aeec59,Roller Girl
Four,Books,0ff9d10864db8364,The Whale
One,Books,4242cc3d0437db12,Toddlers Are A**holes: It's Not Your Fault
Three,Books,a94350ee74deaa07,Under the Tuscan Sun
Two,Books,48cb52d78c992487,Unreasonable Hope: Finding Faith in the God Who Brings Purpose to Your Pain
Five,Books,9735c969c652dd89,What Happened on Beale Street (Secrets of the South Mysteries #2)
Two,Books,b46d022080543144,Wildlife of New York: A Five-Borough Coloring Book
One,Books,4a0b78598b42897a,The Year of Living Biblically: One Man's Humble Quest to Follow the Bible as Literally as Possible
Three,Books,88ec621893e595d0,You Are a Badass: How to Stop Doubting Your Greatness and Start Living an Awesome Life
Five,Books,f16c2edb2a603f92,"""Most Blessed of the Patriarchs"": Thomas Jefferson and the Empire of the Imagination"
Two,Books,b1a227b7609ff263,32 Yolks
Three,Books,fef91502cbacf23a,"A Murder Over a Girl: Justice, Gender, Junior High"
Four,Books,15ebd83e53d0391b,Being Mortal: Medicine and What Matters in the End
Four,Books,04e3de7ac35ec5cd,Between the World and Me
Two,Books,77e9ea355bd8ae57,Brazen: The Courage to Find the You That's Been Hiding
Three,Books,7f5157bf53065d36,Brilliant Beacons: A History of the American Lighthouse
Four,Books,4dbd54d9e36c9566,Death by Leisure: A Cautionary Tale
One,Books,0c11e2d068768dbb,Diary of a Citizen Scientist: Chasing Tiger Beetles and Other New Ways of Engaging the World
Two,Books,31c56c4d0fe19340,Raymie Nightingale
One,Books,e049d44c4f1cf1b2,Ender's Game (The Ender Quintet #1)
Five,Books,df6a7c43faa6732b,Future Shock (Future Shock #1)
Two,Books,d48c1369927ebef1,Heaven is for Real: A Little Boy's Astounding Story of His Trip to Heaven and Back
One,Books,68008abf6409dfde,Playing from the Heart
One,Books,8486f61aa81a3daa,"Rich Dad, Poor Dad"
Three,Books,9639e89d20228e6e,"Shrunken Treasures: Literary Classics, Short, Sweet, and Silly"
Three,Books,bd087cf6a846db75,"Sit, Stay, Love"
Two,Books,8776181be110838a,Steal Like an Artist: 10 Things Nobody Told You About Being Creative
Four,Books,5fbd03b1ac0a0e69,The 7 Habits of Highly Effective People: Powerful Lessons in Personal Change
Two,Books,4b8fa561a1e52d1c,The Art Book
Four,Books,7ffebdd1d5148aef,Sister Dear
Five,Books,20789fb17b423c4c,The Bachelor Girl's Guide to Murder (Herringford and Watts Mysteries #1)
Four,Books,d250657f0ebc5d73,The Bourne Identity (Jason Bourne #1)
Five,Books,ba047a636b7d3793,Team of Rivals: The Political Genius of Abraham Lincoln
Three,Books,24933c712f0bca2f,The Constant Princess (The Tudor Court #1)
Three,Books,7a10353c9c54cf7c,The Drowning Girls
One,Books,57f85720e54d6442,The Faith of Christopher Hitchens: The Restless Soul of the World's Most Notorious Atheist
One,Books,47f4fd3e8e1dac05,The Glass Castle
Three,Books,f935412970c9f58f,The Good Girl
Four,Books,a8dbf1c6b41b885a,The Great Gatsby
Four,Books,0345872b14f9e774,The Origin of Species
Four,Books,9147c5251cc99eb1,The Story of Art
One,Books,a322361a37a78d3d,Blue Like Jazz: Nonreligious Thoughts on Christian Spirituality
Two,Books,4781b6bfd6f7a2c5,"Chronicles, Vol. 1"
Five,Books,4807043b8218e9ce,Counted With the Stars (Out from Egypt #1)
Four,Books,4e980425468708da,Delivering the Truth (Quaker Midwife Mystery #1)
Five,Books,4fa75fc6829431ca,Every Heart a Doorway (Every Heart A Doorway #1)
Two,Books,4e78f06160b717ac,Finding God in the Ruins: How God Redeems Pain
Three,Books,2e40333991f56f45,For the Love: Fighting for Grace in a World of Impossible Standards
Five,Books,c00bc29a678a6efb,Good in Bed (Cannie Shapiro #1)
Two,Books,eff5710404e2ff78,How to Be a Domestic Goddess: Baking and the Art of Comfort Cooking
Five,Books,b74ee891e2a6dd69,Leave This Song Behind: Teen Poetry at Its Best
One,Books,de6d7645f192d517,"Fruits Basket, Vol. 7 (Fruits Basket #7)"
Four,Books,40cdcbb7692fd408,Life of Pi
Four,Books,2a9fcb3382d351c8,How to Cook Everything Vegetarian: Simple Meatless Recipes for Great Food (How to Cook Everything)
Five,Books,4c82371b8cd02d4d,King's Folly (The Kinsman Chronicles #1)
Four,Books,68407606544d6f22,John Adams
Two,Books,b6670507e85b30e6,Like Never Before (Walker Family #2)
Three,Books,dac4b5847454fd9b,Memoirs of a Geisha
Three,Books,725cd8d23d78cdca,Meternity
Five,Books,924438fc6cbec836,"Naturally Lean: 125 Nourishing Gluten-Free, Plant-Based Recipes--All Under 300 Calories"
Four,Books,746029796363aa51,Nightstruck: A Novel
Five,Books,3d250ab0f12be445,The Collected Poems of W.B. Yeats (The Collected Works of W.B. Yeats #1)
One,Books,eb7459e0c570251d,The Girl You Left Behind (The Girl You Left Behind #1)
Five,Books,72b5355dda190b6a,The Hobbit (Middle-Earth Universe)
Three,Books,2bc80eba94950873,The God Delusion
Four,Books,d326e189b1210916,The Joy of Cooking
One,Books,d33824cb93ecab6f,The Golden Compass (His Dark Materials #1)
One,Books,48736df57e7bec9f,The Great Railway Bazaar
One,Books,e6635f5b0a2c78db,The Invention of Wings
Four,Books,60376aa71be66083,The Man Who Mistook His Wife for a Hat and Other Clinical Tales
Five,Books,5ba3d703d1ae0c1d,The Sound Of Love
Two,Books,2efa5a839e62b1bd,The Makings of a Fatherless Child
Four,Books,2da5edf8b5776c9a,The Mysterious Affair at Styles (Hercule Poirot #1)
Four,Books,d1378a0ad06ff979,A Gathering of Shadows (Shades of Magic #2)
Three,Books,fd364afd082f5446,The Perks of Being a Wallflower
Two,Books,774fa432bd7d9c47,The Rise and Fall of the Third Reich: A History of Nazi Germany
Four,Books,9e60929f521fa280,A Year in Provence (Provence #1)
Five,Books,6c7fa6844380f50a,A Short History of Nearly Everything
Three,Books,46cb43c2ab133ccc,An Unquiet Mind: A Memoir of Moods and Madness
Four,Books,f3c70d296ec796c4,Catherine the Great: Portrait of a Woman
Three,Books,6e06d0f00f6da20f,"Death Note, Vol. 6: Give-and-Take (Death Note #6)"
Three,Books,faf841f81c52638b,Better Homes and Gardens New Cook Book
Two,Books,cb17945cb90b7837,The Fellowship of the Ring (The Lord of the Rings #1)
Four,Books,4e3b183180e2a992,Deception Point
Four,Books,97258f576d4bb672,"Fruits Basket, Vol. 6 (Fruits Basket #6)"
Four,Books,56a34d0cec11d6b0,Fun Home: A Family Tragicomic
Three,Books,384c7d41d5ffe9d1,"Girl, Interrupted"
Two,Books,012170e4fc87ace0,Give It Back
Five,Books,e792c0969cefe1b8,How to Stop Worrying and Start Living
Four,Books,fe0f34ebed689381,In Cold Blood
Two,Books,6958de044cb28a84,In the Woods (Dublin Murder Squad #1)
One,Books,7a2b51f69e81c722,Me Before You (Me Before You #1)
Three,Books,f38f37ed934d84b2,Mere Christianity
One,Books,6d235933670503d9,Musicophilia: Tales of Music and the Brain
Four,Books,720c36b2bee4692e,Pride and Prejudice
Five,Books,6478ccb4416e6a5d,The Barefoot Contessa Cookbook
Three,Books,8d8e9f9b8730eb25,Ship Leaves Harbor: Essays on Travel by a Recovering Journeyman
Two,Books,2a1b3d967cda1da2,Tell the Wolves I'm Home
Two,Books,fe7210553d56c097,The Expatriates
Five,Books,a2a9f76339d21ab1,The False Prince (The Ascendance Trilogy #1)
One,Books,3661360c99719414,The Fault in Our Stars
Three,Books,ad84f18659e6bfe2,The Firm
Three,Books,3213b1f13f5f0f7c,The Grand Design
Four,Books,c4589ee5977a47be,The Hiding Place
Three,Books,dfd9ff1f343cdaff,The Little Paris Bookshop
Five,Books,f701fae56b645ef7,The Power Greens Cookbook: 140 Delicious Superfood Recipes
Five,Books,0d210d2448c3018f,The Mathews Men: Seven Brothers and the War Against Hitler's U-boats
One,Books,93379e3a2072a01b,The Metamorphosis
Four,Books,e0b3a679b83caccc,The Raven Boys (The Raven Cycle #1)
Two,Books,2e4fc5eacceec12c,The Raven King (The Raven Cycle #4)
Four,Books,abbb492978ff656d,The Secret Garden
One,Books,bc209a900101f28d,This Is Your Brain on Music: The Science of a Human Obsession
One,Books,3a7d54a264d9f33e,Two Summers
Four,Books,163d89116179c33f,What If?: Serious Scientific Answers to Absurd Hypothetical Questions
Four,Books,e75f3ae1da1cc652,"Will Grayson, Will Grayson (Will Grayson, Will Grayson)"
Two,Books,cc1936a9f4e93477,A Summer In Europe
Four,Books,60369d96b7b80869,Where She Went (If I Stay #2)
Two,Books,759ee7d059b1beb8,Why Save the Bankers?: And Other Essays on Our Economic and Political Crisis
Four,Books,2e5b4ff08a75fd02,World Without End (The Pillars of the Earth #2)
Three,Books,5b546a46a86a9d8c,Benjamin Franklin: An American Life
Five,Books,6b52904b2ab91bf6,"At The Existentialist Café: Freedom, Being, and apricot cocktails with: Jean-Paul Sartre, Simone de Beauvoir, Albert Camus, Martin Heidegger, Edmund Husserl, Karl Jaspers, Maurice Merleau-Ponty and others"
Five,Books,44f545727e704187,Kill the Boy Band
Four,Books,8dde2ff3f6fcc0a3,Killing Floor (Jack Reacher #1)
Three,Books,07e6810fd3236bda,Last One Home (New Beginnings #1)
Two,Books,7093cf549cd2e7de,Logan Kade (Fallen Crest High #5.5)
Four,Books,5e1a88d248599768,Lola and the Boy Next Door (Anna and the French Kiss #2)
One,Books,81c68492ccd72941,Maybe Something Beautiful: How Art Transformed a Neighborhood
Five,Books,12a90b90283b2e6d,Mexican Today: New and Rediscovered Recipes for Contemporary Kitchens
Three,Books,e958ae92f328c181,Red Dragon (Hannibal Lecter #1)
Three,Books,2973d38c2fbd7a5c,Remember Me?
Four,Books,a4ce39a3720cd679,My Mother Was Nuts
Five,Books,59a8ae019b64f2a7,Shiver (The Wolves of Mercy Falls #1)
Five,Books,84bb29c53592ac40,Siddhartha
Two,Books,6036239d2ab349b7,Peak: Secrets from the New Science of Expertise
Four,Books,1dba84766a5e87b8,Talking to Girls About Duran Duran: One Young Man's Quest for True Love and a Cooler Haircut
One,Books,50d5a7b861ed1c54,Tell Me Three Things
Three,Books,84126312e2431a09,Tell the Wind and Fire
One,Books,fec06f52054ea900,The Dream Thieves (The Raven Cycle #2)
Two,Books,b716233fcb6877e6,The 5th Wave (The 5th Wave #1)
Four,Books,b228042c088b1913,The Crossover
Five,Books,c4182bdb53e2459a,The Darkest Corners
Two,Books,add33db6ff80db24,America's War for the Greater Middle East: A Military History
Five,Books,f36d24c309e87e5b,An Abundance of Katherines
Five,Books,612369a5947a012e,Approval Junkie: Adventures in Caring Too Much
Five,Books,b54d7416bb445989,Booked
One,Books,429b4a811bef386c,Critique of Pure Reason
Three,Books,bcf567421c581f0a,"Data, A Love Story: How I Gamed Online Dating to Meet My Match"
Five,Books,ad5e078beceaeb4a,"Blue Lily, Lily Blue (The Raven Cycle #3)"
Five,Books,e46b1074b99ac4b6,Dracula the Un-Dead
Five,Books,94bb629a3f6dd00b,Digital Fortress
One,Books,1c0a38899c82b60a,"Death Note, Vol. 5: Whiteout (Death Note #5)"
Two,Books,d5ad4c92d8bf26c9,Drama
One,Books,75cc85cdbe9ad46b,Evicted: Poverty and Profit in the American City
One,Books,b28c7d07afa7063b,Find Her (Detective D.D. Warren #8)
One,Books,630e766f0a1987dd,Fool Me Once
One,Books,3fc124f59f3068e4,Foundation (Foundation (Publication Order) #1)
One,Books,3fd83dcf37bf1bc0,"Fruits Basket, Vol. 5 (Fruits Basket #5)"
One,Books,6c49258724f11770,Harry Potter and the Deathly Hallows (Harry Potter #7)
Two,Books,d219d4e325e6f204,I Know Why the Caged Bird Sings (Maya Angelou's Autobiography #1)
Five,Books,45045146dbf7b009,Isla and the Happily Ever After (Anna and the French Kiss #3)
Five,Books,31f5bbf4974d29c9,Some Women
Five,Books,8930013d06942df1,The Beast (Black Dagger Brotherhood #14)
Five,Books,7284d85428305f5a,If I Stay (If I Stay #1)
Three,Books,9c4d061c1e2fe6bf,The Bone Hunters (Lexy Vaughan & Steven Macaulay #2)
Two,Books,df53c2948b32bde3,"The Demon Prince of Momochi House, Vol. 4 (The Demon Prince of Momochi House #4)"
Two,Books,ff2dffba388d9922,The Demonists (Demonist #1)
Two,Books,c65ee14957c0fa5c,The Geography of Bliss: One Grump's Search for the Happiest Places in the World
Four,Books,45033bdf3d9ed158,The Gunning of America: Business and the Making of American Gun Culture
Two,Books,6587f46697fc4443,The Hound of the Baskervilles (Sherlock Holmes #5)
Five,Books,6d2f70d9424f41a1,The Hunger Games (The Hunger Games #1)
Five,Books,011674f4a3834b8d,The Passion of Dolssa
Three,Books,6a57286a8890d8c5,The Jazz of Physics: The Secret Link Between Music and the Structure of the Universe
Three,Books,9cc207168a03470d,The Perfect Play (Play by Play #1)
Two,Books,6053ddf69c967d5f,The Pilgrim's Progress
Three,Books,d4de23aa98acc65b,The Shining (The Shining #1)
Four,Books,a8f4577a48023344,Vogue Colors A to Z: A Fashion Coloring Book
Three,Books,89a89e76f3516357,A Clash of Kings (A Song of Ice and Fire #2)
Four,Books,f2c8f4b4c94d5c5c,A Feast for Crows (A Song of Ice and Fire #4)
Two,Books,03cbb67c0f990d87,A Game of Thrones (A Song of Ice and Fire #1)
One,Books,cf3b86489890b9f2,A Girl's Guide to Moving On (New Beginnings #2)
Four,Books,d9290e99f189ce84,Alight (The Generations Trilogy #2)
Three,Books,23310ce84d3c9f85,Gone with the Wind
Four,Books,8fff1084aa085a13,"Fruits Basket, Vol. 4 (Fruits Basket #4)"
One,Books,c7c4f55b7321cba7,Harry Potter and the Chamber of Secrets (Harry Potter #2)
Five,Books,73f4f87dd936ee5c,Harry Potter and the Half-Blood Prince (Harry Potter #6)
One,Books,5eff05e59f905a49,Girl With a Pearl Earring
One,Books,ddbc5530d2939d49,God Is Not Great: How Religion Poisons Everything
Four,Books,5a6b7155f2797537,Harry Potter and the Order of the Phoenix (Harry Potter #5)
Four,Books,eff24325e0ede639,Harry Potter and the Prisoner of Azkaban (Harry Potter #3)
Three,Books,ac337893a9fe0085,Harry Potter and the Sorcerer's Stone (Harry Potter #1)
Three,Books,670a2773607d785d,It
Four,Books,deda806b68b0aa11,Little Women (Little Women #1)
Two,Books,81d4191030b9704b,Misery
Four,Books,5212c6acea3359e5,Mockingjay (The Hunger Games #3)
Four,Books,70b585c9d0f15725,Needful Things
Four,Books,869d20b3b8128230,Night Shift (Night Shift #1-20)
Five,Books,3a95f5a2df4ff921,No One Here Gets Out Alive
Three,Books,2ba5ccc84d35006c,"Orchestra of Exiles: The Story of Bronislaw Huberman, the Israel Philharmonic, and the One Thousand Jews He Saved from Nazi Horrors"
Five,Books,5de4baa88061a77a,Outlander (Outlander #1)
Five,Books,ae884ac655d6ee3e,Paper and Fire (The Great Library #2)
Five,Books,38199c5d7da0c0ef,Shopaholic Ties the Knot (Shopaholic #3)
One,Books,be3db344a845580b,We Are All Completely Beside Ourselves
Three,Books,06bab964fd536971,We the People: The Modern-Day Figures Who Have Reshaped and Affirmed the Founding Fathers' Vision of America
Five,Books,dab0196cd5fc8e5e,When You Are Engulfed in Flames
One,Books,07bb35158d9dd3d2,"Where'd You Go, Bernadette"
Three,Books,d30b9215c72cca87,Wild: From Lost to Found on the Pacific Crest Trail
One,Books,5d55202da0252627,World War Z: An Oral History of the Zombie War
Three,Books,5a7ff9aaa3168878,Wuthering Heights
One,Books,634b7165c96ebb9f,Zero History (Blue Ant #3)
Four,Books,6e9403f00acd6752,'Salem's Lot
One,Books,d12ca4020c2f602e,"A History of God: The 4,000-Year Quest of Judaism, Christianity, and Islam"
Five,Books,f6ae39568db1130e,A New Earth: Awakening to Your Life's Purpose
One,Books,aead11697d14ea36,A Walk to Remember
Three,Books,1451b55e5e56bb89,Animal Farm
Five,Books,78a4ac98191ac675,Atlas Shrugged
One,Books,0812f54c93d726ce,Can You Keep a Secret?
Three,Books,2798974abc8a58a8,Candide
Three,Books,aaebac5fda798b1b,Changing the Game (Play by Play #2)
Two,Books,a2dc754afb69bb32,Confessions of a Shopaholic (Shopaholic #1)
One,Books,2b69d289279aabfd,Dark Lover (Black Dagger Brotherhood #1)
One,Books,2b685187f55c5d31,The Travelers
Four,Books,813cff2aefa5d1f0,The Undomestic Goddess
Three,Books,a33ed2e6068df53e,"The Wicked + The Divine, Vol. 3: Commercial Suicide (The Wicked + The Divine)"
One,Books,742702d662a71410,The Smitten Kitchen Cookbook
Two,Books,49f24193f0b961e6,The Stand
One,Books,3d15714d4d3d15dd,The Thing About Jellyfish
Two,Books,224fa77d4b248046,The Tipping Point: How Little Things Can Make a Big Difference
Three,Books,75fed6a47f69859d,The Wild Robot
One,Books,719d72f3ee512dc6,"Thinking, Fast and Slow"
Three,Books,57f755143ee96fd4,Three-Martini Lunch
One,Books,2173a2ce35f6ace1,"Trespassing Across America: One Man's Epic, Never-Done-Before (and Sort of Illegal) Hike Across the Heartland"
Two,Books,8ebad30219b8679c,Twenties Girl
Two,Books,b53078de0147f6bf,Twilight (Twilight #1)
Two,Books,61bc8167c9680283,Two Boys Kissing
One,Books,599a4f98bb193368,Under the Banner of Heaven: A Story of Violent Faith
Five,Books,7feac4000cbc5859,Voyager (Outlander #3)
Three,Books,0e4e2d31c2fb3aad,Walk the Edge (Thunder Road #2)
Two,Books,ad15a9a139919918,Far From True (Promise Falls Trilogy #2)
Five,Books,cf2f27fdf94ba20e,The Lonely Ones
One,Books,b830685072fa871f,"Unstuffed: Decluttering Your Home, Mind, and Soul"
Two,Books,4672d10b9b1e7a05,Vegan Vegetarian Omnivore: Dinner for Everyone at the Table
Three,Books,52aa3d79b1cee455,Very Good Lives: The Fringe Benefits of Failure and the Importance of Imagination
Two,Books,36c15687f5ab0f7c,The Lover's Dictionary
One,Books,4266f48a0aa1c37d,The Maze Runner (The Maze Runner #1)
Two,Books,0baf71623648413a,The Name of God is Mercy
Five,Books,6263c1d2997b8ce0,The Nanny Diaries (Nanny #1)
Three,Books,3e42ac0f4d43320f,The New Guy (and Other Senior Year Distractions)
Four,Books,29d6d87f3418638b,The Nightingale
One,Books,ee441c8e027caa66,The Obsession
Three,Books,fa26798728f5208f,The Paris Wife
Two,Books,b9f6305a3d650e2c,The Picture of Dorian Gray
One,Books,969f6c7e86554814,The Purest Hook (Second Circle Tattoos #3)
Three,Books,0e7beedf0ee9380c,The Purpose Driven Life: What on Earth Am I Here for?
Five,Books,3c456328b04a8ee8,The Red Tent
One,Books,e2d47e82c50d41d9,The Rest Is Noise: Listening to the Twentieth Century
One,Books,0e92ccf1bd39e68f,The Restaurant at the End of the Universe (Hitchhiker's Guide to the Galaxy #2)
Three,Books,1a5044d233936b1a,The Rise of Theodore Roosevelt (Theodore Roosevelt #1)
One,Books,366a236aa1ea6f07,The Road to Little Dribbling: Adventures of an American in Britain (Notes From a Small Island #2)
Five,Books,b22362b434e8ee62,The Day the Crayons Came Home (Crayons)
Four,Books,f51062bf579507d9,The Demon-Haunted World: Science as a Candle in the Dark
One,Books,a6ab0cb7106a67f2,The Devil Wears Prada (The Devil Wears Prada #1)
Five,Books,63c0826ef59eae66,"The Disappearing Spoon: And Other True Tales of Madness, Love, and the History of the World from the Periodic Table of the Elements"
Four,Books,c6bf14cb901c63ac,"The Elegant Universe: Superstrings, Hidden Dimensions, and the Quest for the Ultimate Theory"
Four,Books,b3f2bc2cefb35f05,"The End of Faith: Religion, Terror, and the Future of Reason"
Three,Books,dd003e904727281a,The Exiled
One,Books,8f5d16a5a9bd58b2,The Girl Who Kicked the Hornet's Nest (Millennium Trilogy #3)
Two,Books,bfa9cb304075d3e8,The Girl Who Played with Fire (Millennium Trilogy #2)
Three,Books,92dcc54a27107a37,The Girl with All the Gifts
One,Books,e2dac1f4739e0bd5,The Giver (The Giver Quartet #1)
Three,Books,c88422d8959260ab,The Goldfinch
One,Books,4a0a276409968a73,The Guernsey Literary and Potato Peel Pie Society
Two,Books,b5da59dd177eb36b,The Guns of August
Three,Books,a8b0ea6490bc818f,The Hitchhiker's Guide to the Galaxy (Hitchhiker's Guide to the Galaxy #1)
Five,Books,ff6bb30dd0c482a6,The Husband's Secret
One,Books,554e9e2d532b3a87,The Infinities
Four,Books,35e69a79d2b1e804,"The Land of 10,000 Madonnas"
Two,Books,476c7972e9b41891,The Last Painting of Sara de Vos
Three,Books,70c7c3ca7f9b2728,The Lean Startup: How Today's Entrepreneurs Use Continuous Innovation to Create Radically Successful Businesses
Four,Books,322a9e34d87f54b1,The Rose & the Dagger (The Wrath and the Dawn #2)
Five,Books,91eb9605998a7c03,"The Sandman, Vol. 3: Dream Country (The Sandman (volumes) #3)"
Five,Books,f06039c29b5891fa,The Silkworm (Cormoran Strike #2)
One,Books,f08667e4c0458f37,Spilled Milk: Based on a True Story
Three,Books,a11ae5f07572ef49,Stiff: The Curious Lives of Human Cadavers
Two,Books,feaaae90514eb2ac,Soldier (Talon #3)
Five,Books,ac27ab4bcd9c492e,Something Borrowed (Darcy & Rachel #1)
Two,Books,61002f3b7ba5d780,"Surely You're Joking, Mr. Feynman!: Adventures of a Curious Character"
One,Books,3fc9d51d1c4d6ba7,Something Blue (Darcy & Rachel #2)
Two,Books,c57d3c96af23c297,Shopaholic & Baby (Shopaholic #5)
Two,Books,b04a6a0db525857d,The Autobiography of Malcolm X
One,Books,2858ac90c4758e1f,The Art of Fielding
Five,Books,cd3dcd83bb002e78,The Blind Side: Evolution of a Game
Five,Books,08decd9664e5d56e,The Book of Basketball: The NBA According to The Sports Guy
Two,Books,a75e274c8814b539,The Book Thief
One,Books,970bd3316219e7dc,The Case for Christ (Cases for Christianity)
Two,Books,b7f475238ed50429,The Cat in the Hat (Beginner Books B-1)
Three,Books,311634df10651e05,"The Art of Simple Food: Notes, Lessons, and Recipes from a Delicious Revolution"
One,Books,487449f4f6322f0f,The Catcher in the Rye
Five,Books,23707d3ddf14a999,The Complete Poems
Four,Books,cad70d6ffd53912f,The Complete Stories and Poems (The Works of Edgar Allan Poe [Cameo Edition])
One,Books,1be6d3b121865edb,The Cuckoo's Calling (Cormoran Strike #1)
Two,Books,dabf11918b48b40c,The Da Vinci Code (Robert Langdon #2)
Two,Books,3250650a5c4e6f07,One for the Money (Stephanie Plum #1)
Two,Books,8378c899988905ee,Orange Is the New Black
One,Books,09a7b0b566ad6225,Outliers: The Story of Success
Three,Books,c59283b05905c853,Original Fake
Two,Books,8e2dfd6bcf48e1e6,Packing for Mars: The Curious Science of Life in the Void
One,Books,cb62418129b864a3,Persepolis: The Story of a Childhood (Persepolis #1-2)
Three,Books,9707989a439757b4,Prodigy: The Graphic Novel (Legend: The Graphic Novel #2)
One,Books,3c565df219ba3274,Quiet: The Power of Introverts in a World That Can't Stop Talking
Four,Books,2ef5dc7e278e562a,Ready Player One
Three,Books,4c8ece50736f9e88,Red: The True Story of Red Riding Hood
Two,Books,8e9dd8431170c09e,Rework
Three,Books,ecdf73ee66c33b17,Reservations for Two
Four,Books,89cad3f37c9ce226,"Rise of the Rocket Girls: The Women Who Propelled Us, from Missiles to the Moon to Mars"
Three,Books,b4f5672f68ec3a83,Rogue Lawyer (Rogue Lawyer #1)
Four,Books,28921443f052bea6,Running with Scissors
Five,Books,7b870bf85d01c2dc,"Saga, Volume 3 (Saga (Collected Editions) #3)"
One,Books,5b2cd5b31a510848,Sarah's Key
Four,Books,510832818edb6fbc,Scarlet (The Lunar Chronicles #2)
Five,Books,190fbebbf798c31a,"Lamb: The Gospel According to Biff, Christ's Childhood Pal"
Four,Books,0ce8075fab4a2b5b,Legend (Legend #1)
Five,Books,16e843e6b853cc2f,Lady Renegades (Rebel Belle #3)
One,Books,d5e1a9bfe22bbf9f,"Lean In: Women, Work, and the Will to Lead"
One,Books,1246e4ffeb5ac4ea,Let's Pretend This Never Happened: A Mostly True Memoir
One,Books,1de75f05d57bfc10,Letter to a Christian Nation
Two,Books,4ec53ff7e2263f32,Life After Life
Three,Books,4ef75307fb64e2ad,Lila (Gilead #3)
Two,Books,0dcadb06206abd3c,Lust & Wonder
Five,Books,c53d9fefcda371e9,Life Without a Recipe
Two,Books,546da23278482b0a,Manuscript Found in Accra
Two,Books,4b3f4f151c99f472,"Life, the Universe and Everything (Hitchhiker's Guide to the Galaxy #3)"
Two,Books,abc4a7ee16c21088,Me Talk Pretty One Day
Two,Books,e9056f9b5a40a301,Midnight Riot (Peter Grant/ Rivers of London - books #1)
One,Books,7980fa06f2b704d8,"Miracles from Heaven: A Little Girl, Her Journey to Heaven, and Her Amazing Story of Healing"
Four,Books,281a244ce1954711,Seven Brief Lessons on Physics
One,Books,7ce5a92baabb6bc0,Morning Star (Red Rising #3)
Three,Books,54aeeb4610d3ae08,Naked
Three,Books,747cf7fca2ccdbd4,Neither Here nor There: Travels in Europe
One,Books,c4d9fce9eff3b8ba,Night (The Night Trilogy #1)
One,Books,cb65e49993db9a93,Notes from a Small Island (Notes From a Small Island #1)
Two,Books,07806456878931bc,Seven Days in the Art World
Five,Books,d5c588b6f9c015e4,Gone Girl
Five,Books,c300cc9326592b65,Gratitude
One,Books,4f6985aca357ae09,"Grayson, Vol 3: Nemesis (Grayson #3)"
Four,Books,621e2c310cec8d32,Green Eggs and Ham (Beginner Books B-16)
Four,Books,b003f8bb02f76dc5,Heir to the Sky
Four,Books,984b3b6e7479b571,Golden (Heart of Dread #3)
Two,Books,0cb4856be3694a57,Holidays on Ice
Two,Books,cc1ac978a6835ef6,Horrible Bear!
One,Books,557c03c284be1bf2,House of Leaves
Two,Books,1812b8f5641287e3,"House of Lost Worlds: Dinosaurs, Dynasties, and the Story of Life on Earth"
Three,Books,6c4d17a46cac8787,Hungry Girl Clean & Hungry: Easy All-Natural Recipes for Healthy Eating in the Real World
Two,Books,8010c7c148057fd3,I Am Malala: The Girl Who Stood Up for Education and Was Shot by the Taliban
One,Books,6b32b561dab8036c,I've Got Your Number
Four,Books,61569d12d4ae7161,If I Run (If I Run #1)
Three,Books,d8292cd5f1aca291,"In the Garden of Beasts: Love, Terror, and an American Family in Hitler's Berlin"
Five,Books,6c4646d90b60a56c,Inferno (Robert Langdon #4)
Five,Books,a7c3f1010d64799a,Into the Wild
Three,Books,034829ffdd0a0aea,Is Everyone Hanging Out Without Me? (And Other Concerns)
One,Books,d4a29356fc992879,It's Never Too Late to Begin Again: Discovering Creativity and Meaning at Midlife and Beyond
One,Books,a0dd11f6abc421ec,Jurassic Park (Jurassic Park #1)
Two,Books,dbe33cf29ef1623d,Cosmos
One,Books,157f693d9e600ccc,Counting Thyme
Five,Books,c9782ad2a0ed9331,Crazy Rich Asians (Crazy Rich Asians #1)
Five,Books,66937c669c4da072,Dark Places
One,Books,468bd274ac084bb9,Darkfever (Fever #1)
One,Books,d234ddecef49ef4e,"David and Goliath: Underdogs, Misfits, and the Art of Battling Giants"
Five,Books,04d858cdeeee0da4,Dead Wake: The Last Crossing of the Lusitania
Five,Books,81372abc86f65c79,Disrupted: My Misadventure in the Start-Up Bubble
One,Books,98330e431e56a9ea,Do Androids Dream of Electric Sheep? (Blade Runner #1)
Three,Books,a7ec599c1a547746,Dracula
One,Books,36d5884d44484277,Dune (Dune #1)
Two,Books,d5f5a122a593b580,"Fruits Basket, Vol. 3 (Fruits Basket #3)"
One,Books,73f71f9556442117,Eclipse (Twilight #3)
Three,Books,b843f52a986a2914,Eragon (The Inheritance Cycle #1)
Three,Books,588ba85ff11a3263,Extreme Prey (Lucas Davenport #26)
One,Books,147019cae600694e,Fellside
Five,Books,ed813a848580ba50,Fifty Shades Freed (Fifty Shades #3)
Four,Books,2ed3a794a70aa85f,Fire Bound (Sea Haven/Sisters of the Heart #5)
Three,Books,a9aa3ed5b316470b,"Friday Night Lights: A Town, a Team, and a Dream"
One,Books,da0349a87c8caa2f,Are We Smart Enough to Know How Smart Animals Are?
Three,Books,ef9c4f2465513956,Are We There Yet?
Four,Books,5d22e2a46604b6e7,Ash
Two,Books,1d89a2aa9f6ce50f,Awkward
Five,Books,5439bae708bca198,Beautiful Creatures (Caster Chronicles #1)
Two,Books,3fb69f34e178d494,Beowulf
Two,Books,67dea6c75d6a1075,Best of My Love (Fool's Gold #20)
Five,Books,155e42df837ee5ff,Between Shades of Gray
One,Books,d3f9c4539c0caa64,Big Little Lies
One,Books,15f415d436888b2d,"Black Butler, Vol. 1 (Black Butler #1)"
One,Books,860318b8e244f39c,Black Flags: The Rise of ISIS
Five,Books,0bbc48294707ba96,Blink: The Power of Thinking Without Thinking
Two,Books,e256de8aa0c2115f,"Born to Run: A Hidden Tribe, Superathletes, and the Greatest Race the World Has Never Seen"
Three,Books,8e0bc2fe4e7d35b5,Boy Meets Boy
Five,Books,fd2337c1b73b686e,Brave Enough
Two,Books,b461cf238506c5b8,Career of Evil (Cormoran Strike #3)
One,Books,7e9579921e5407cb,Cinder (The Lunar Chronicles #1)
Five,Books,bbfc4a3b7b6c94a0,Breaking Dawn (Twilight #4)
Two,Books,ef49db2aaa9bb547,Catastrophic Happiness: Finding Joy in Childhood's Messy Years
Two,Books,396385e3de5d18c3,Civilization and Its Discontents
Two,Books,41fc5dce044f16f5,Girl in the Blue Coat
One,Books,97b8f130d32e9f4e,Girl Online On Tour (Girl Online #2)
Five,Books,637e5a45062aa548,Life
Five,Books,b6d3f4f4ee1f6069,H is for Hawk
Four,Books,6fa3ea52c8e31e06,New Moon (Twilight #2)
Three,Books,fb495f9f9015a772,Kindle Paperwhite User's Guide
One,Books,b0e479be03911916,"Run, Spot, Run: The Ethics of Keeping Pets"
Three,Books,9189fd009df41d0e,"Saga, Volume 2 (Saga (Collected Editions) #2)"
One,Books,ce42e3de94226b2b,Sugar Rush (Offensive Line #2)
Three,Books,f3c76b53b239f511,The Course of Love
One,Books,276dc716b1da8899,"The Sandman, Vol. 2: The Doll's House (The Sandman (volumes) #2)"
Five,Books,5dbd6ec4e154ad2f,A Visit from the Goon Squad
Three,Books,4130678275eb7c8c,The Sense of an Ending
Two,Books,d2185b65af52d68c,"The Suffragettes (Little Black Classics, #96)"
One,Books,165affa7adb5eded,#GIRLBOSS
One,Books,f5873c8fc7760000,8 Keys to Mental Health Through Exercise
Five,Books,c9770bb1d5a492a0,A Heartbreaking Work of Staggering Genius
Two,Books,87beabf664115d79,A Storm of Swords (A Song of Ice and Fire #3)
Three,Books,9e9932ae1a7d0943,The Silent Twin (Detective Jennifer Knight #3)
Five,Books,b78deb463531d078,The Silent Wife
Four,Books,32d035df92ab9080,The Story of Hong Gildong
Five,Books,6514add13c82b115,The Tumor
Two,Books,dac9d1e654fac737,"The Wicked + The Divine, Vol. 1: The Faust Act (The Wicked + The Divine)"
Five,Books,9c96cd1329fbd82d,The Zombie Room
One,Books,6f2c0a9adbb2bca9,The Selfish Gene
One,Books,d6d98d3508c30f57,This One Moment (Pushing Limits #1)
Two,Books,460f97a346b44bac,Three Wishes (River of Time: California #1)
Five,Books,0268f149d014b389,Travels with Charley: In Search of America
Four,Books,e63c3f25338baf9a,Twenty Love Poems and a Song of Despair
Two,Books,dab5e75d1339706a,Vampire Girl (Vampire Girl #1)
One,Books,e7e87087b1a44711,"Vampire Knight, Vol. 1 (Vampire Knight #1)"
Five,Books,66a4e422b212726a,Ways of Seeing
Three,Books,c5f91eb481427dc5,When I'm Gone
Three,Books,def389ddfda6991b,Where Lightning Strikes (Bleeding Stars #3)
Five,Books,8ceb5c6aed2c5f8b,While You Were Mine
Four,Books,09d26b5f819c6a36,"Y: The Last Man, Vol. 1: Unmanned (Y: The Last Man #1)"
Four,Books,d7b463918d3b8c39,Diary of a Minecraft Zombie Book 1: A Scare of a Dare (An Unofficial Minecraft Book)
Five,Books,c0db71f6bb14db11,"Fruits Basket, Vol. 2 (Fruits Basket #2)"
Four,Books,bcee4f289ff6699c,A Walk in the Woods: Rediscovering America on the Appalachian Trail
Two,Books,cfe350b20d23b02b,And Then There Were None
Five,Books,7bf87402413c27ff,Annie on My Mind
Three,Books,18b4545a5ed15581,The Communist Manifesto
Three,Books,3301af038a720587,The Complete Maus (Maus #1-2)
Four,Books,29fc016c459aeb14,The Edge of Reason (Bridget Jones #2)
One,Books,09659d1639a1f978,The End of the Jesus Era (An Investigation #1)
Three,Books,ee61197edb882599,The Girl In The Ice (DCI Erika Foster #1)
Five,Books,4280ac3eab57aa5d,The Girl You Lost
Five,Books,fff8a057a40c4a60,The Haters
Five,Books,6e473eff459e809f,The Hook Up (Game On #1)
One,Books,86d8bd7afa5b51b3,The Iliad
Two,Books,16c71736dae78764,The Last Girl (The Dominion Trilogy #1)
One,Books,04e43893e32f9d29,The Light of the Fireflies
Two,Books,1aeca7d078d57deb,The Little Prince
One,Books,c40b70e0f6d80189,The Mirror & the Maze (The Wrath and the Dawn #1.5)
Three,Books,c8614adb1a90b027,The Name of the Wind (The Kingkiller Chronicle #1)
One,Books,5c10b64db3e4f228,The Nicomachean Ethics
Four,Books,b0913e67d38d5ed5,The No. 1 Ladies' Detective Agency (No. 1 Ladies' Detective Agency #1)
Three,Books,f0512adadffd2480,The Odyssey
Three,Books,0ec9d2b018fb10d8,The Republic
Three,Books,5faefdc861684eb1,"The Sandman, Vol. 1: Preludes and Nocturnes (The Sandman (volumes) #1)"
Three,Books,38f776ab9118aed7,The Secret Healer
Two,Books,7ea31f38675b91c1,One Second (Seven #7)
One,Books,8932e5c12f12ffed,Origins (Alphas 0.5)
Three,Books,326825e02a198cf6,"Ouran High School Host Club, Vol. 1 (Ouran High School Host Club #1)"
Four,Books,bcbcbcf0f6ed196f,"Paper Girls, Vol. 1 (Paper Girls #1-5)"
One,Books,849db7ab7f4a640c,Paradise Lost (Paradise #1)
Five,Books,3cdca3b4a93980f5,"Rat Queens, Vol. 1: Sass & Sorcery (Rat Queens (Collected Editions) #1-5)"
Two,Books,9efb397067eb7e8a,"Rhythm, Chord & Malykhin"
One,Books,4f64568dfefa3ce7,"Saga, Volume 1 (Saga (Collected Editions) #1)"
One,Books,35e44170702139a4,Sense and Sensibility
Two,Books,132adf7335bb384a,Settling the Score (The Summer Games #1)
Four,Books,229cd6564bf0dce4,Shadow Rites (Jane Yellowrock #10)
Three,Books,2ac720f76384c57e,"Skip Beat!, Vol. 01 (Skip Beat! #1)"
Four,Books,5bc1fbccfbf2355c,The Art of Not Breathing
Three,Books,c068c013d6921fea,Shameless
One,Books,9ed7090d8fa690b0,Shatter Me (Shatter Me #1)
Three,Books,3a9a7c5895e82646,Sister Sable (The Mad Queen #1)
Three,Books,e25164e5b3fe208b,Starlark
Two,Books,a7eef9d6795422c1,Taking Shots (Assassins #1)
Five,Books,72e6fbf4f6382557,"Fruits Basket, Vol. 1 (Fruits Basket #1)"
Four,Books,eb0fe24bbc845ecc,"Giant Days, Vol. 1 (Giant Days #1-4)"
Four,Books,6717a70913b3db79,Having the Barbarian's Baby (Ice Planet Barbarians #7.5)
Three,Books,6fe02600f322a0a9,"Hawkeye, Vol. 1: My Life as a Weapon (Hawkeye #1)"
Four,Books,3455b45888fb5053,Icing (Aces Hockey #2)
Four,Books,f28f7299d38c0932,Imperfect Harmony
Five,Books,8d390a1fc3133d06,Jane Eyre
Five,Books,06f6a57a6d532844,Kitchens of the Great Midwest
Three,Books,6e712ea24e77bd96,Listen to Me (Fusion #1)
Three,Books,71a6471bbdac21d9,Lord of the Flies
Four,Books,d510567580c8be52,Lost Among the Living
One,Books,1053fb7ee17a1f33,Matilda
Two,Books,4f19709e47883df5,Meditations
Four,Books,35a60467893aa168,"Ms. Marvel, Vol. 1: No Normal (Ms. Marvel (2014-2015) #1)"
Two,Books,fd78f89878479f56,My Perfect Mistake (Over the Top #1)
Four,Books,63e20a0f98218a87,Myriad (Prentor #1)
Two,Books,a1985630339f4b3d,Old Records Never Die: One Man's Quest for His Vinyl and His Past
Three,Books,9ff997ab15713e53,On the Road (Duluoz Legend)
Three,Books,dfb0849016bc122c,The Bette Davis Club
Two,Books,39592d9d72e717c4,Of Mice and Men
Three,Books,f3a0b8c835129558,The Bhagavad Gita
Five,Books,228ba5e7577e1d49,"1,000 Places to See Before You Die"
Five,Books,b6f1cfadc4dd79d4,Off Sides (Off #1)
One,Books,f684a82adc49f011,1st to Die (Women's Murder Club #1)
Five,Books,19fec36a1dfb4c16,A Spy's Devotion (The Regency Spies of London #1)
Four,Books,bfd5e1701c862ac3,"Ajin: Demi-Human, Volume 1 (Ajin: Demi-Human #1)"
One,Books,cd2a2a70dd5d176d,Alice in Wonderland (Alice's Adventures in Wonderland #1)
One,Books,08672cd59171d5e4,Beyond Good and Evil
Five,Books,099fae4a0705d63b,"Bleach, Vol. 1: Strawberry and the Soul Reapers (Bleach #1)"
Three,Books,95cdfd514098c38b,Blood Defense (Samantha Brinkman #1)
Four,Books,abc0b15f2c907ff0,Bounty (Colorado Mountain #7)
One,Books,a2b4b685dfa94733,Bridget Jones's Diary (Bridget Jones #1)
Five,Books,230ac636ea0ea415,Bright Lines
One,Books,a96404cb928895f3,Charity's Cross (Charles Towne Belles #4)
Three,Books,1774749f2cee292f,Charlie and the Chocolate Factory (Charlie Bucket #1)
Four,Books,a812f6969ddf3e39,Choosing Our Religion: The Spiritual Lives of America's Nones
Five,Books,0072b94dfa30608e,Deep Under (Walker Security #1)
Two,Books,2e69730561ed70ad,Emma
Three,Books,df56868afd166557,"Eat, Pray, Love"
Three,Books,6390772a3094939d,Fighting Fate (Fighting #6)
Three,Books,e564c3f1a93ccf2e,Forever Rockers (The Rocker #12)
Two,Books,a492f49a3e2b6a71,Frankenstein
